{"\u6570\u5b66": 39.464290618896484, "\u8bed\u6587": 1460.7099316120148}